ID;DICTIONARY_TYPE;DICTIONARY_KEY;DICTIONARY_VALUE;DISPLAY_ORDER
1;DISCIPLINE_TYPE;Лекция;Лекция;0
2;DISCIPLINE_TYPE;Лабораторная работа 1;Лаб. раб. 1;1
3;DISCIPLINE_TYPE;Семинар;Семинар;2
4;DISCIPLINE_TYPE;Экзамен;Экзамен;3
5;DISCIPLINE_TYPE;Зачет;Зачет;4
6;DISCIPLINE_TYPE;Курсовая работа;Курс. раб.;5
7;DISCIPLINE_TYPE;Курсовой проект;Курс. п.;6
8;DISCIPLINE_TYPE;Контрольная работа;Контр. раб.;7

10;LESSON_TIME;Первая пара;8:00 - 9:35;0
11;LESSON_TIME;Вторая пара;9:50 - 11:25;1
12;LESSON_TIME;Третья пара;11:40 - 13:15;2
13;LESSON_TIME;Четвертая пара;14:00 - 15:35;3
14;LESSON_TIME;Пятая пара;15:50 - 17:25;4
15;LESSON_TIME;Шестая пара;17:40 - 19:15;5
16;LESSON_TIME;Седьмая пара;19:25 - 21:00;6

30;FACULTY;ВУЦ;Военный учебный центр;0
31;FACULTY;ИФФ;Инженерно-физический факультет;1
32;FACULTY;МК;Машиностроительный колледж;2
33;FACULTY;ТЭФ;Теплоэнергетический факультет;3
34;FACULTY;ФЗВО;Факультет заочного и вечернего обучения;4
35;FACULTY;ИВТФ;Факультет информатики и вычислительной техники;5
36;FACULTY;ФИС;Факультет по подготовке иностранных студентов;6
37;FACULTY;ФПК;Факультет повышения квалификации;7
38;FACULTY;ФЭУ;Факультет экономики и управления;8
39;FACULTY;ЭМФ;Электромеханический факультет;9
40;FACULTY;ЭЭФ;Электроэнергетический факультет;10

1000;CLASSROOM;A0;A0;1
1001;CLASSROOM;A1;A1;2
1002;CLASSROOM;A2;A2;3
1003;CLASSROOM;A3;A3;4
1004;CLASSROOM;A4;A4;5
1005;CLASSROOM;A5;A5;6
1006;CLASSROOM;A6;A6;7
1007;CLASSROOM;A7;A7;8
1008;CLASSROOM;A8;A8;9
1009;CLASSROOM;A9;A9;10
1010;CLASSROOM;A10;A10;11
1011;CLASSROOM;A11;A11;12
1012;CLASSROOM;A12;A12;13
1013;CLASSROOM;A13;A13;14
1014;CLASSROOM;A14;A14;15
1015;CLASSROOM;A15;A15;16
1016;CLASSROOM;A16;A16;17
1017;CLASSROOM;A17;A17;18
1018;CLASSROOM;A18;A18;19
1019;CLASSROOM;A19;A19;20
1020;CLASSROOM;A20;A20;21
1021;CLASSROOM;A21;A21;22
1022;CLASSROOM;A22;A22;23
1023;CLASSROOM;A23;A23;24
1024;CLASSROOM;A24;A24;25
1025;CLASSROOM;A25;A25;26
1026;CLASSROOM;A26;A26;27
1027;CLASSROOM;A27;A27;28
1028;CLASSROOM;A28;A28;29
1029;CLASSROOM;A29;A29;30
1030;CLASSROOM;A30;A30;31
1031;CLASSROOM;A31;A31;32
1032;CLASSROOM;A32;A32;33
1033;CLASSROOM;A33;A33;34
1034;CLASSROOM;A34;A34;35
1035;CLASSROOM;A35;A35;36
1036;CLASSROOM;A36;A36;37
1037;CLASSROOM;A37;A37;38
1038;CLASSROOM;A38;A38;39
1039;CLASSROOM;A39;A39;40
1040;CLASSROOM;A40;A40;41
1041;CLASSROOM;A41;A41;42
1042;CLASSROOM;A42;A42;43
1043;CLASSROOM;A43;A43;44
1044;CLASSROOM;A44;A44;45
1045;CLASSROOM;A45;A45;46
1046;CLASSROOM;A46;A46;47
1047;CLASSROOM;A47;A47;48
1048;CLASSROOM;A48;A48;49
1049;CLASSROOM;A49;A49;50
1050;CLASSROOM;A50;A50;51
1051;CLASSROOM;A51;A51;52
1052;CLASSROOM;A52;A52;53
1053;CLASSROOM;A53;A53;54
1054;CLASSROOM;A54;A54;55
1055;CLASSROOM;A55;A55;56
1056;CLASSROOM;A56;A56;57
1057;CLASSROOM;A57;A57;58
1058;CLASSROOM;A58;A58;59
1059;CLASSROOM;A59;A59;60
1060;CLASSROOM;A60;A60;61
1061;CLASSROOM;A61;A61;62
1062;CLASSROOM;A62;A62;63
1063;CLASSROOM;A63;A63;64
1064;CLASSROOM;A64;A64;65
1065;CLASSROOM;A65;A65;66
1066;CLASSROOM;A66;A66;67
1067;CLASSROOM;A67;A67;68
1068;CLASSROOM;A68;A68;69
1069;CLASSROOM;A69;A69;70
1070;CLASSROOM;A70;A70;71
1071;CLASSROOM;A71;A71;72
1072;CLASSROOM;A72;A72;73
1073;CLASSROOM;A73;A73;74
1074;CLASSROOM;A74;A74;75
1075;CLASSROOM;A75;A75;76
1076;CLASSROOM;A76;A76;77
1077;CLASSROOM;A77;A77;78
1078;CLASSROOM;A78;A78;79
1079;CLASSROOM;A79;A79;80
1080;CLASSROOM;A80;A80;81
1081;CLASSROOM;A81;A81;82
1082;CLASSROOM;A82;A82;83
1083;CLASSROOM;A83;A83;84
1084;CLASSROOM;A84;A84;85
1085;CLASSROOM;A85;A85;86
1086;CLASSROOM;A86;A86;87
1087;CLASSROOM;A87;A87;88
1088;CLASSROOM;A88;A88;89
1089;CLASSROOM;A89;A89;90
1090;CLASSROOM;A90;A90;91
1091;CLASSROOM;A91;A91;92
1092;CLASSROOM;A92;A92;93
1093;CLASSROOM;A93;A93;94
1094;CLASSROOM;A94;A94;95
1095;CLASSROOM;A95;A95;96
1096;CLASSROOM;A96;A96;97
1097;CLASSROOM;A97;A97;98
1098;CLASSROOM;A98;A98;99
1099;CLASSROOM;A99;A99;100
1100;CLASSROOM;A100;A100;101
1101;CLASSROOM;A101;A101;102
1102;CLASSROOM;A102;A102;103
1103;CLASSROOM;A103;A103;104
1104;CLASSROOM;A104;A104;105
1105;CLASSROOM;A105;A105;106
1106;CLASSROOM;A106;A106;107
1107;CLASSROOM;A107;A107;108
1108;CLASSROOM;A108;A108;109
1109;CLASSROOM;A109;A109;110
1110;CLASSROOM;A110;A110;111
1111;CLASSROOM;A111;A111;112
1112;CLASSROOM;A112;A112;113
1113;CLASSROOM;A113;A113;114
1114;CLASSROOM;A114;A114;115
1115;CLASSROOM;A115;A115;116
1116;CLASSROOM;A116;A116;117
1117;CLASSROOM;A117;A117;118
1118;CLASSROOM;A118;A118;119
1119;CLASSROOM;A119;A119;120
1120;CLASSROOM;A120;A120;121
1121;CLASSROOM;A121;A121;122
1122;CLASSROOM;A122;A122;123
1123;CLASSROOM;A123;A123;124
1124;CLASSROOM;A124;A124;125
1125;CLASSROOM;A125;A125;126
1126;CLASSROOM;A126;A126;127
1127;CLASSROOM;A127;A127;128
1128;CLASSROOM;A128;A128;129
1129;CLASSROOM;A129;A129;130
1130;CLASSROOM;A130;A130;131
1131;CLASSROOM;A131;A131;132
1132;CLASSROOM;A132;A132;133
1133;CLASSROOM;A133;A133;134
1134;CLASSROOM;A134;A134;135
1135;CLASSROOM;A135;A135;136
1136;CLASSROOM;A136;A136;137
1137;CLASSROOM;A137;A137;138
1138;CLASSROOM;A138;A138;139
1139;CLASSROOM;A139;A139;140
1140;CLASSROOM;A140;A140;141
1141;CLASSROOM;A141;A141;142
1142;CLASSROOM;A142;A142;143
1143;CLASSROOM;A143;A143;144
1144;CLASSROOM;A144;A144;145
1145;CLASSROOM;A145;A145;146
1146;CLASSROOM;A146;A146;147
1147;CLASSROOM;A147;A147;148
1148;CLASSROOM;A148;A148;149
1149;CLASSROOM;A149;A149;150
1150;CLASSROOM;A150;A150;151
1151;CLASSROOM;A151;A151;152
1152;CLASSROOM;A152;A152;153
1153;CLASSROOM;A153;A153;154
1154;CLASSROOM;A154;A154;155
1155;CLASSROOM;A155;A155;156
1156;CLASSROOM;A156;A156;157
1157;CLASSROOM;A157;A157;158
1158;CLASSROOM;A158;A158;159
1159;CLASSROOM;A159;A159;160
1160;CLASSROOM;A160;A160;161
1161;CLASSROOM;A161;A161;162
1162;CLASSROOM;A162;A162;163
1163;CLASSROOM;A163;A163;164
1164;CLASSROOM;A164;A164;165
1165;CLASSROOM;A165;A165;166
1166;CLASSROOM;A166;A166;167
1167;CLASSROOM;A167;A167;168
1168;CLASSROOM;A168;A168;169
1169;CLASSROOM;A169;A169;170
1170;CLASSROOM;A170;A170;171
1171;CLASSROOM;A171;A171;172
1172;CLASSROOM;A172;A172;173
1173;CLASSROOM;A173;A173;174
1174;CLASSROOM;A174;A174;175
1175;CLASSROOM;A175;A175;176
1176;CLASSROOM;A176;A176;177
1177;CLASSROOM;A177;A177;178
1178;CLASSROOM;A178;A178;179
1179;CLASSROOM;A179;A179;180
1180;CLASSROOM;A180;A180;181
1181;CLASSROOM;A181;A181;182
1182;CLASSROOM;A182;A182;183
1183;CLASSROOM;A183;A183;184
1184;CLASSROOM;A184;A184;185
1185;CLASSROOM;A185;A185;186
1186;CLASSROOM;A186;A186;187
1187;CLASSROOM;A187;A187;188
1188;CLASSROOM;A188;A188;189
1189;CLASSROOM;A189;A189;190
1190;CLASSROOM;A190;A190;191
1191;CLASSROOM;A191;A191;192
1192;CLASSROOM;A192;A192;193
1193;CLASSROOM;A193;A193;194
1194;CLASSROOM;A194;A194;195
1195;CLASSROOM;A195;A195;196
1196;CLASSROOM;A196;A196;197
1197;CLASSROOM;A197;A197;198
1198;CLASSROOM;A198;A198;199
1199;CLASSROOM;A199;A199;200
1200;CLASSROOM;A200;A200;201
1201;CLASSROOM;A201;A201;202
1202;CLASSROOM;A202;A202;203
1203;CLASSROOM;A203;A203;204
1204;CLASSROOM;A204;A204;205
1205;CLASSROOM;A205;A205;206
1206;CLASSROOM;A206;A206;207
1207;CLASSROOM;A207;A207;208
1208;CLASSROOM;A208;A208;209
1209;CLASSROOM;A209;A209;210
1210;CLASSROOM;A210;A210;211
1211;CLASSROOM;A211;A211;212
1212;CLASSROOM;A212;A212;213
1213;CLASSROOM;A213;A213;214
1214;CLASSROOM;A214;A214;215
1215;CLASSROOM;A215;A215;216
1216;CLASSROOM;A216;A216;217
1217;CLASSROOM;A217;A217;218
1218;CLASSROOM;A218;A218;219
1219;CLASSROOM;A219;A219;220
1220;CLASSROOM;A220;A220;221
1221;CLASSROOM;A221;A221;222
1222;CLASSROOM;A222;A222;223
1223;CLASSROOM;A223;A223;224
1224;CLASSROOM;A224;A224;225
1225;CLASSROOM;A225;A225;226
1226;CLASSROOM;A226;A226;227
1227;CLASSROOM;A227;A227;228
1228;CLASSROOM;A228;A228;229
1229;CLASSROOM;A229;A229;230
1230;CLASSROOM;A230;A230;231
1231;CLASSROOM;A231;A231;232
1232;CLASSROOM;A232;A232;233
1233;CLASSROOM;A233;A233;234
1234;CLASSROOM;A234;A234;235
1235;CLASSROOM;A235;A235;236
1236;CLASSROOM;A236;A236;237
1237;CLASSROOM;A237;A237;238
1238;CLASSROOM;A238;A238;239
1239;CLASSROOM;A239;A239;240
1240;CLASSROOM;A240;A240;241
1241;CLASSROOM;A241;A241;242
1242;CLASSROOM;A242;A242;243
1243;CLASSROOM;A243;A243;244
1244;CLASSROOM;A244;A244;245
1245;CLASSROOM;A245;A245;246
1246;CLASSROOM;A246;A246;247
1247;CLASSROOM;A247;A247;248
1248;CLASSROOM;A248;A248;249
1249;CLASSROOM;A249;A249;250
1250;CLASSROOM;A250;A250;251
1251;CLASSROOM;A251;A251;252
1252;CLASSROOM;A252;A252;253
1253;CLASSROOM;A253;A253;254
1254;CLASSROOM;A254;A254;255
1255;CLASSROOM;A255;A255;256
1256;CLASSROOM;A256;A256;257
1257;CLASSROOM;A257;A257;258
1258;CLASSROOM;A258;A258;259
1259;CLASSROOM;A259;A259;260
1260;CLASSROOM;A260;A260;261
1261;CLASSROOM;A261;A261;262
1262;CLASSROOM;A262;A262;263
1263;CLASSROOM;A263;A263;264
1264;CLASSROOM;A264;A264;265
1265;CLASSROOM;A265;A265;266
1266;CLASSROOM;A266;A266;267
1267;CLASSROOM;A267;A267;268
1268;CLASSROOM;A268;A268;269
1269;CLASSROOM;A269;A269;270
1270;CLASSROOM;A270;A270;271
1271;CLASSROOM;A271;A271;272
1272;CLASSROOM;A272;A272;273
1273;CLASSROOM;A273;A273;274
1274;CLASSROOM;A274;A274;275
1275;CLASSROOM;A275;A275;276
1276;CLASSROOM;A276;A276;277
1277;CLASSROOM;A277;A277;278
1278;CLASSROOM;A278;A278;279
1279;CLASSROOM;A279;A279;280
1280;CLASSROOM;A280;A280;281
1281;CLASSROOM;A281;A281;282
1282;CLASSROOM;A282;A282;283
1283;CLASSROOM;A283;A283;284
1284;CLASSROOM;A284;A284;285
1285;CLASSROOM;A285;A285;286
1286;CLASSROOM;A286;A286;287
1287;CLASSROOM;A287;A287;288
1288;CLASSROOM;A288;A288;289
1289;CLASSROOM;A289;A289;290
1290;CLASSROOM;A290;A290;291
1291;CLASSROOM;A291;A291;292
1292;CLASSROOM;A292;A292;293
1293;CLASSROOM;A293;A293;294
1294;CLASSROOM;A294;A294;295
1295;CLASSROOM;A295;A295;296
1296;CLASSROOM;A296;A296;297
1297;CLASSROOM;A297;A297;298
1298;CLASSROOM;A298;A298;299
1299;CLASSROOM;A299;A299;300
1300;CLASSROOM;A300;A300;301
1301;CLASSROOM;A301;A301;302
1302;CLASSROOM;A302;A302;303
1303;CLASSROOM;A303;A303;304
1304;CLASSROOM;A304;A304;305
1305;CLASSROOM;A305;A305;306
1306;CLASSROOM;A306;A306;307
1307;CLASSROOM;A307;A307;308
1308;CLASSROOM;A308;A308;309
1309;CLASSROOM;A309;A309;310
1310;CLASSROOM;A310;A310;311
1311;CLASSROOM;A311;A311;312
1312;CLASSROOM;A312;A312;313
1313;CLASSROOM;A313;A313;314
1314;CLASSROOM;A314;A314;315
1315;CLASSROOM;A315;A315;316
1316;CLASSROOM;A316;A316;317
1317;CLASSROOM;A317;A317;318
1318;CLASSROOM;A318;A318;319
1319;CLASSROOM;A319;A319;320
1320;CLASSROOM;A320;A320;321
1321;CLASSROOM;A321;A321;322
1322;CLASSROOM;A322;A322;323
1323;CLASSROOM;A323;A323;324
1324;CLASSROOM;A324;A324;325
1325;CLASSROOM;A325;A325;326
1326;CLASSROOM;A326;A326;327
1327;CLASSROOM;A327;A327;328
1328;CLASSROOM;A328;A328;329
1329;CLASSROOM;A329;A329;330
1330;CLASSROOM;A330;A330;331
1331;CLASSROOM;A331;A331;332
1332;CLASSROOM;A332;A332;333
1333;CLASSROOM;A333;A333;334
1334;CLASSROOM;A334;A334;335
1335;CLASSROOM;A335;A335;336
1336;CLASSROOM;A336;A336;337
1337;CLASSROOM;A337;A337;338
1338;CLASSROOM;A338;A338;339
1339;CLASSROOM;A339;A339;340
1340;CLASSROOM;A340;A340;341
1341;CLASSROOM;A341;A341;342
1342;CLASSROOM;A342;A342;343
1343;CLASSROOM;A343;A343;344
1344;CLASSROOM;A344;A344;345
1345;CLASSROOM;A345;A345;346
1346;CLASSROOM;A346;A346;347
1347;CLASSROOM;A347;A347;348
1348;CLASSROOM;A348;A348;349
1349;CLASSROOM;A349;A349;350
1350;CLASSROOM;A350;A350;351
1351;CLASSROOM;A351;A351;352
1352;CLASSROOM;A352;A352;353
1353;CLASSROOM;A353;A353;354
1354;CLASSROOM;A354;A354;355
1355;CLASSROOM;A355;A355;356
1356;CLASSROOM;A356;A356;357
1357;CLASSROOM;A357;A357;358
1358;CLASSROOM;A358;A358;359
1359;CLASSROOM;A359;A359;360
1360;CLASSROOM;A360;A360;361
1361;CLASSROOM;A361;A361;362
1362;CLASSROOM;A362;A362;363
1363;CLASSROOM;A363;A363;364
1364;CLASSROOM;A364;A364;365
1365;CLASSROOM;A365;A365;366
1366;CLASSROOM;A366;A366;367
1367;CLASSROOM;A367;A367;368
1368;CLASSROOM;A368;A368;369
1369;CLASSROOM;A369;A369;370
1370;CLASSROOM;A370;A370;371
1371;CLASSROOM;A371;A371;372
1372;CLASSROOM;A372;A372;373
1373;CLASSROOM;A373;A373;374
1374;CLASSROOM;A374;A374;375
1375;CLASSROOM;A375;A375;376
1376;CLASSROOM;A376;A376;377
1377;CLASSROOM;A377;A377;378
1378;CLASSROOM;A378;A378;379
1379;CLASSROOM;A379;A379;380
1380;CLASSROOM;A380;A380;381
1381;CLASSROOM;A381;A381;382
1382;CLASSROOM;A382;A382;383
1383;CLASSROOM;A383;A383;384
1384;CLASSROOM;A384;A384;385
1385;CLASSROOM;A385;A385;386
1386;CLASSROOM;A386;A386;387
1387;CLASSROOM;A387;A387;388
1388;CLASSROOM;A388;A388;389
1389;CLASSROOM;A389;A389;390
1390;CLASSROOM;A390;A390;391
1391;CLASSROOM;A391;A391;392
1392;CLASSROOM;A392;A392;393
1393;CLASSROOM;A393;A393;394
1394;CLASSROOM;A394;A394;395
1395;CLASSROOM;A395;A395;396
1396;CLASSROOM;A396;A396;397
1397;CLASSROOM;A397;A397;398
1398;CLASSROOM;A398;A398;399
1399;CLASSROOM;A399;A399;400
1400;CLASSROOM;A400;A400;401
1401;CLASSROOM;B0;B0;402
1402;CLASSROOM;B1;B1;403
1403;CLASSROOM;B2;B2;404
1404;CLASSROOM;B3;B3;405
1405;CLASSROOM;B4;B4;406
1406;CLASSROOM;B5;B5;407
1407;CLASSROOM;B6;B6;408
1408;CLASSROOM;B7;B7;409
1409;CLASSROOM;B8;B8;410
1410;CLASSROOM;B9;B9;411
1411;CLASSROOM;B10;B10;412
1412;CLASSROOM;B11;B11;413
1413;CLASSROOM;B12;B12;414
1414;CLASSROOM;B13;B13;415
1415;CLASSROOM;B14;B14;416
1416;CLASSROOM;B15;B15;417
1417;CLASSROOM;B16;B16;418
1418;CLASSROOM;B17;B17;419
1419;CLASSROOM;B18;B18;420
1420;CLASSROOM;B19;B19;421
1421;CLASSROOM;B20;B20;422
1422;CLASSROOM;B21;B21;423
1423;CLASSROOM;B22;B22;424
1424;CLASSROOM;B23;B23;425
1425;CLASSROOM;B24;B24;426
1426;CLASSROOM;B25;B25;427
1427;CLASSROOM;B26;B26;428
1428;CLASSROOM;B27;B27;429
1429;CLASSROOM;B28;B28;430
1430;CLASSROOM;B29;B29;431
1431;CLASSROOM;B30;B30;432
1432;CLASSROOM;B31;B31;433
1433;CLASSROOM;B32;B32;434
1434;CLASSROOM;B33;B33;435
1435;CLASSROOM;B34;B34;436
1436;CLASSROOM;B35;B35;437
1437;CLASSROOM;B36;B36;438
1438;CLASSROOM;B37;B37;439
1439;CLASSROOM;B38;B38;440
1440;CLASSROOM;B39;B39;441
1441;CLASSROOM;B40;B40;442
1442;CLASSROOM;B41;B41;443
1443;CLASSROOM;B42;B42;444
1444;CLASSROOM;B43;B43;445
1445;CLASSROOM;B44;B44;446
1446;CLASSROOM;B45;B45;447
1447;CLASSROOM;B46;B46;448
1448;CLASSROOM;B47;B47;449
1449;CLASSROOM;B48;B48;450
1450;CLASSROOM;B49;B49;451
1451;CLASSROOM;B50;B50;452
1452;CLASSROOM;B51;B51;453
1453;CLASSROOM;B52;B52;454
1454;CLASSROOM;B53;B53;455
1455;CLASSROOM;B54;B54;456
1456;CLASSROOM;B55;B55;457
1457;CLASSROOM;B56;B56;458
1458;CLASSROOM;B57;B57;459
1459;CLASSROOM;B58;B58;460
1460;CLASSROOM;B59;B59;461
1461;CLASSROOM;B60;B60;462
1462;CLASSROOM;B61;B61;463
1463;CLASSROOM;B62;B62;464
1464;CLASSROOM;B63;B63;465
1465;CLASSROOM;B64;B64;466
1466;CLASSROOM;B65;B65;467
1467;CLASSROOM;B66;B66;468
1468;CLASSROOM;B67;B67;469
1469;CLASSROOM;B68;B68;470
1470;CLASSROOM;B69;B69;471
1471;CLASSROOM;B70;B70;472
1472;CLASSROOM;B71;B71;473
1473;CLASSROOM;B72;B72;474
1474;CLASSROOM;B73;B73;475
1475;CLASSROOM;B74;B74;476
1476;CLASSROOM;B75;B75;477
1477;CLASSROOM;B76;B76;478
1478;CLASSROOM;B77;B77;479
1479;CLASSROOM;B78;B78;480
1480;CLASSROOM;B79;B79;481
1481;CLASSROOM;B80;B80;482
1482;CLASSROOM;B81;B81;483
1483;CLASSROOM;B82;B82;484
1484;CLASSROOM;B83;B83;485
1485;CLASSROOM;B84;B84;486
1486;CLASSROOM;B85;B85;487
1487;CLASSROOM;B86;B86;488
1488;CLASSROOM;B87;B87;489
1489;CLASSROOM;B88;B88;490
1490;CLASSROOM;B89;B89;491
1491;CLASSROOM;B90;B90;492
1492;CLASSROOM;B91;B91;493
1493;CLASSROOM;B92;B92;494
1494;CLASSROOM;B93;B93;495
1495;CLASSROOM;B94;B94;496
1496;CLASSROOM;B95;B95;497
1497;CLASSROOM;B96;B96;498
1498;CLASSROOM;B97;B97;499
1499;CLASSROOM;B98;B98;500
1500;CLASSROOM;B99;B99;501
1501;CLASSROOM;B100;B100;502
1502;CLASSROOM;B101;B101;503
1503;CLASSROOM;B102;B102;504
1504;CLASSROOM;B103;B103;505
1505;CLASSROOM;B104;B104;506
1506;CLASSROOM;B105;B105;507
1507;CLASSROOM;B106;B106;508
1508;CLASSROOM;B107;B107;509
1509;CLASSROOM;B108;B108;510
1510;CLASSROOM;B109;B109;511
1511;CLASSROOM;B110;B110;512
1512;CLASSROOM;B111;B111;513
1513;CLASSROOM;B112;B112;514
1514;CLASSROOM;B113;B113;515
1515;CLASSROOM;B114;B114;516
1516;CLASSROOM;B115;B115;517
1517;CLASSROOM;B116;B116;518
1518;CLASSROOM;B117;B117;519
1519;CLASSROOM;B118;B118;520
1520;CLASSROOM;B119;B119;521
1521;CLASSROOM;B120;B120;522
1522;CLASSROOM;B121;B121;523
1523;CLASSROOM;B122;B122;524
1524;CLASSROOM;B123;B123;525
1525;CLASSROOM;B124;B124;526
1526;CLASSROOM;B125;B125;527
1527;CLASSROOM;B126;B126;528
1528;CLASSROOM;B127;B127;529
1529;CLASSROOM;B128;B128;530
1530;CLASSROOM;B129;B129;531
1531;CLASSROOM;B130;B130;532
1532;CLASSROOM;B131;B131;533
1533;CLASSROOM;B132;B132;534
1534;CLASSROOM;B133;B133;535
1535;CLASSROOM;B134;B134;536
1536;CLASSROOM;B135;B135;537
1537;CLASSROOM;B136;B136;538
1538;CLASSROOM;B137;B137;539
1539;CLASSROOM;B138;B138;540
1540;CLASSROOM;B139;B139;541
1541;CLASSROOM;B140;B140;542
1542;CLASSROOM;B141;B141;543
1543;CLASSROOM;B142;B142;544
1544;CLASSROOM;B143;B143;545
1545;CLASSROOM;B144;B144;546
1546;CLASSROOM;B145;B145;547
1547;CLASSROOM;B146;B146;548
1548;CLASSROOM;B147;B147;549
1549;CLASSROOM;B148;B148;550
1550;CLASSROOM;B149;B149;551
1551;CLASSROOM;B150;B150;552
1552;CLASSROOM;B151;B151;553
1553;CLASSROOM;B152;B152;554
1554;CLASSROOM;B153;B153;555
1555;CLASSROOM;B154;B154;556
1556;CLASSROOM;B155;B155;557
1557;CLASSROOM;B156;B156;558
1558;CLASSROOM;B157;B157;559
1559;CLASSROOM;B158;B158;560
1560;CLASSROOM;B159;B159;561
1561;CLASSROOM;B160;B160;562
1562;CLASSROOM;B161;B161;563
1563;CLASSROOM;B162;B162;564
1564;CLASSROOM;B163;B163;565
1565;CLASSROOM;B164;B164;566
1566;CLASSROOM;B165;B165;567
1567;CLASSROOM;B166;B166;568
1568;CLASSROOM;B167;B167;569
1569;CLASSROOM;B168;B168;570
1570;CLASSROOM;B169;B169;571
1571;CLASSROOM;B170;B170;572
1572;CLASSROOM;B171;B171;573
1573;CLASSROOM;B172;B172;574
1574;CLASSROOM;B173;B173;575
1575;CLASSROOM;B174;B174;576
1576;CLASSROOM;B175;B175;577
1577;CLASSROOM;B176;B176;578
1578;CLASSROOM;B177;B177;579
1579;CLASSROOM;B178;B178;580
1580;CLASSROOM;B179;B179;581
1581;CLASSROOM;B180;B180;582
1582;CLASSROOM;B181;B181;583
1583;CLASSROOM;B182;B182;584
1584;CLASSROOM;B183;B183;585
1585;CLASSROOM;B184;B184;586
1586;CLASSROOM;B185;B185;587
1587;CLASSROOM;B186;B186;588
1588;CLASSROOM;B187;B187;589
1589;CLASSROOM;B188;B188;590
1590;CLASSROOM;B189;B189;591
1591;CLASSROOM;B190;B190;592
1592;CLASSROOM;B191;B191;593
1593;CLASSROOM;B192;B192;594
1594;CLASSROOM;B193;B193;595
1595;CLASSROOM;B194;B194;596
1596;CLASSROOM;B195;B195;597
1597;CLASSROOM;B196;B196;598
1598;CLASSROOM;B197;B197;599
1599;CLASSROOM;B198;B198;600
1600;CLASSROOM;B199;B199;601
1601;CLASSROOM;B200;B200;602
1602;CLASSROOM;B201;B201;603
1603;CLASSROOM;B202;B202;604
1604;CLASSROOM;B203;B203;605
1605;CLASSROOM;B204;B204;606
1606;CLASSROOM;B205;B205;607
1607;CLASSROOM;B206;B206;608
1608;CLASSROOM;B207;B207;609
1609;CLASSROOM;B208;B208;610
1610;CLASSROOM;B209;B209;611
1611;CLASSROOM;B210;B210;612
1612;CLASSROOM;B211;B211;613
1613;CLASSROOM;B212;B212;614
1614;CLASSROOM;B213;B213;615
1615;CLASSROOM;B214;B214;616
1616;CLASSROOM;B215;B215;617
1617;CLASSROOM;B216;B216;618
1618;CLASSROOM;B217;B217;619
1619;CLASSROOM;B218;B218;620
1620;CLASSROOM;B219;B219;621
1621;CLASSROOM;B220;B220;622
1622;CLASSROOM;B221;B221;623
1623;CLASSROOM;B222;B222;624
1624;CLASSROOM;B223;B223;625
1625;CLASSROOM;B224;B224;626
1626;CLASSROOM;B225;B225;627
1627;CLASSROOM;B226;B226;628
1628;CLASSROOM;B227;B227;629
1629;CLASSROOM;B228;B228;630
1630;CLASSROOM;B229;B229;631
1631;CLASSROOM;B230;B230;632
1632;CLASSROOM;B231;B231;633
1633;CLASSROOM;B232;B232;634
1634;CLASSROOM;B233;B233;635
1635;CLASSROOM;B234;B234;636
1636;CLASSROOM;B235;B235;637
1637;CLASSROOM;B236;B236;638
1638;CLASSROOM;B237;B237;639
1639;CLASSROOM;B238;B238;640
1640;CLASSROOM;B239;B239;641
1641;CLASSROOM;B240;B240;642
1642;CLASSROOM;B241;B241;643
1643;CLASSROOM;B242;B242;644
1644;CLASSROOM;B243;B243;645
1645;CLASSROOM;B244;B244;646
1646;CLASSROOM;B245;B245;647
1647;CLASSROOM;B246;B246;648
1648;CLASSROOM;B247;B247;649
1649;CLASSROOM;B248;B248;650
1650;CLASSROOM;B249;B249;651
1651;CLASSROOM;B250;B250;652
1652;CLASSROOM;B251;B251;653
1653;CLASSROOM;B252;B252;654
1654;CLASSROOM;B253;B253;655
1655;CLASSROOM;B254;B254;656
1656;CLASSROOM;B255;B255;657
1657;CLASSROOM;B256;B256;658
1658;CLASSROOM;B257;B257;659
1659;CLASSROOM;B258;B258;660
1660;CLASSROOM;B259;B259;661
1661;CLASSROOM;B260;B260;662
1662;CLASSROOM;B261;B261;663
1663;CLASSROOM;B262;B262;664
1664;CLASSROOM;B263;B263;665
1665;CLASSROOM;B264;B264;666
1666;CLASSROOM;B265;B265;667
1667;CLASSROOM;B266;B266;668
1668;CLASSROOM;B267;B267;669
1669;CLASSROOM;B268;B268;670
1670;CLASSROOM;B269;B269;671
1671;CLASSROOM;B270;B270;672
1672;CLASSROOM;B271;B271;673
1673;CLASSROOM;B272;B272;674
1674;CLASSROOM;B273;B273;675
1675;CLASSROOM;B274;B274;676
1676;CLASSROOM;B275;B275;677
1677;CLASSROOM;B276;B276;678
1678;CLASSROOM;B277;B277;679
1679;CLASSROOM;B278;B278;680
1680;CLASSROOM;B279;B279;681
1681;CLASSROOM;B280;B280;682
1682;CLASSROOM;B281;B281;683
1683;CLASSROOM;B282;B282;684
1684;CLASSROOM;B283;B283;685
1685;CLASSROOM;B284;B284;686
1686;CLASSROOM;B285;B285;687
1687;CLASSROOM;B286;B286;688
1688;CLASSROOM;B287;B287;689
1689;CLASSROOM;B288;B288;690
1690;CLASSROOM;B289;B289;691
1691;CLASSROOM;B290;B290;692
1692;CLASSROOM;B291;B291;693
1693;CLASSROOM;B292;B292;694
1694;CLASSROOM;B293;B293;695
1695;CLASSROOM;B294;B294;696
1696;CLASSROOM;B295;B295;697
1697;CLASSROOM;B296;B296;698
1698;CLASSROOM;B297;B297;699
1699;CLASSROOM;B298;B298;700
1700;CLASSROOM;B299;B299;701
1701;CLASSROOM;B300;B300;702
1702;CLASSROOM;B301;B301;703
1703;CLASSROOM;B302;B302;704
1704;CLASSROOM;B303;B303;705
1705;CLASSROOM;B304;B304;706
1706;CLASSROOM;B305;B305;707
1707;CLASSROOM;B306;B306;708
1708;CLASSROOM;B307;B307;709
1709;CLASSROOM;B308;B308;710
1710;CLASSROOM;B309;B309;711
1711;CLASSROOM;B310;B310;712
1712;CLASSROOM;B311;B311;713
1713;CLASSROOM;B312;B312;714
1714;CLASSROOM;B313;B313;715
1715;CLASSROOM;B314;B314;716
1716;CLASSROOM;B315;B315;717
1717;CLASSROOM;B316;B316;718
1718;CLASSROOM;B317;B317;719
1719;CLASSROOM;B318;B318;720
1720;CLASSROOM;B319;B319;721
1721;CLASSROOM;B320;B320;722
1722;CLASSROOM;B321;B321;723
1723;CLASSROOM;B322;B322;724
1724;CLASSROOM;B323;B323;725
1725;CLASSROOM;B324;B324;726
1726;CLASSROOM;B325;B325;727
1727;CLASSROOM;B326;B326;728
1728;CLASSROOM;B327;B327;729
1729;CLASSROOM;B328;B328;730
1730;CLASSROOM;B329;B329;731
1731;CLASSROOM;B330;B330;732
1732;CLASSROOM;B331;B331;733
1733;CLASSROOM;B332;B332;734
1734;CLASSROOM;B333;B333;735
1735;CLASSROOM;B334;B334;736
1736;CLASSROOM;B335;B335;737
1737;CLASSROOM;B336;B336;738
1738;CLASSROOM;B337;B337;739
1739;CLASSROOM;B338;B338;740
1740;CLASSROOM;B339;B339;741
1741;CLASSROOM;B340;B340;742
1742;CLASSROOM;B341;B341;743
1743;CLASSROOM;B342;B342;744
1744;CLASSROOM;B343;B343;745
1745;CLASSROOM;B344;B344;746
1746;CLASSROOM;B345;B345;747
1747;CLASSROOM;B346;B346;748
1748;CLASSROOM;B347;B347;749
1749;CLASSROOM;B348;B348;750
1750;CLASSROOM;B349;B349;751
1751;CLASSROOM;B350;B350;752
1752;CLASSROOM;B351;B351;753
1753;CLASSROOM;B352;B352;754
1754;CLASSROOM;B353;B353;755
1755;CLASSROOM;B354;B354;756
1756;CLASSROOM;B355;B355;757
1757;CLASSROOM;B356;B356;758
1758;CLASSROOM;B357;B357;759
1759;CLASSROOM;B358;B358;760
1760;CLASSROOM;B359;B359;761
1761;CLASSROOM;B360;B360;762
1762;CLASSROOM;B361;B361;763
1763;CLASSROOM;B362;B362;764
1764;CLASSROOM;B363;B363;765
1765;CLASSROOM;B364;B364;766
1766;CLASSROOM;B365;B365;767
1767;CLASSROOM;B366;B366;768
1768;CLASSROOM;B367;B367;769
1769;CLASSROOM;B368;B368;770
1770;CLASSROOM;B369;B369;771
1771;CLASSROOM;B370;B370;772
1772;CLASSROOM;B371;B371;773
1773;CLASSROOM;B372;B372;774
1774;CLASSROOM;B373;B373;775
1775;CLASSROOM;B374;B374;776
1776;CLASSROOM;B375;B375;777
1777;CLASSROOM;B376;B376;778
1778;CLASSROOM;B377;B377;779
1779;CLASSROOM;B378;B378;780
1780;CLASSROOM;B379;B379;781
1781;CLASSROOM;B380;B380;782
1782;CLASSROOM;B381;B381;783
1783;CLASSROOM;B382;B382;784
1784;CLASSROOM;B383;B383;785
1785;CLASSROOM;B384;B384;786
1786;CLASSROOM;B385;B385;787
1787;CLASSROOM;B386;B386;788
1788;CLASSROOM;B387;B387;789
1789;CLASSROOM;B388;B388;790
1790;CLASSROOM;B389;B389;791
1791;CLASSROOM;B390;B390;792
1792;CLASSROOM;B391;B391;793
1793;CLASSROOM;B392;B392;794
1794;CLASSROOM;B393;B393;795
1795;CLASSROOM;B394;B394;796
1796;CLASSROOM;B395;B395;797
1797;CLASSROOM;B396;B396;798
1798;CLASSROOM;B397;B397;799
1799;CLASSROOM;B398;B398;800
1800;CLASSROOM;B399;B399;801
1801;CLASSROOM;B400;B400;802
1802;CLASSROOM;C0;B0;803
1803;CLASSROOM;C1;B1;804
1804;CLASSROOM;C2;B2;805
1805;CLASSROOM;C3;B3;806
1806;CLASSROOM;C4;B4;807
1807;CLASSROOM;C5;B5;808
1808;CLASSROOM;C6;B6;809
1809;CLASSROOM;C7;B7;810
1810;CLASSROOM;C8;B8;811
1811;CLASSROOM;C9;B9;812
1812;CLASSROOM;C10;B10;813
1813;CLASSROOM;C11;B11;814
1814;CLASSROOM;C12;B12;815
1815;CLASSROOM;C13;B13;816
1816;CLASSROOM;C14;B14;817
1817;CLASSROOM;C15;B15;818
1818;CLASSROOM;C16;B16;819
1819;CLASSROOM;C17;B17;820
1820;CLASSROOM;C18;B18;821
1821;CLASSROOM;C19;B19;822
1822;CLASSROOM;C20;B20;823
1823;CLASSROOM;C21;B21;824
1824;CLASSROOM;C22;B22;825
1825;CLASSROOM;C23;B23;826
1826;CLASSROOM;C24;B24;827
1827;CLASSROOM;C25;B25;828
1828;CLASSROOM;C26;B26;829
1829;CLASSROOM;C27;B27;830
1830;CLASSROOM;C28;B28;831
1831;CLASSROOM;C29;B29;832
1832;CLASSROOM;C30;B30;833
1833;CLASSROOM;C31;B31;834
1834;CLASSROOM;C32;B32;835
1835;CLASSROOM;C33;B33;836
1836;CLASSROOM;C34;B34;837
1837;CLASSROOM;C35;B35;838
1838;CLASSROOM;C36;B36;839
1839;CLASSROOM;C37;B37;840
1840;CLASSROOM;C38;B38;841
1841;CLASSROOM;C39;B39;842
1842;CLASSROOM;C40;B40;843
1843;CLASSROOM;C41;B41;844
1844;CLASSROOM;C42;B42;845
1845;CLASSROOM;C43;B43;846
1846;CLASSROOM;C44;B44;847
1847;CLASSROOM;C45;B45;848
1848;CLASSROOM;C46;B46;849
1849;CLASSROOM;C47;B47;850
1850;CLASSROOM;C48;B48;851
1851;CLASSROOM;C49;B49;852
1852;CLASSROOM;C50;B50;853
1853;CLASSROOM;C51;B51;854
1854;CLASSROOM;C52;B52;855
1855;CLASSROOM;C53;B53;856
1856;CLASSROOM;C54;B54;857
1857;CLASSROOM;C55;B55;858
1858;CLASSROOM;C56;B56;859
1859;CLASSROOM;C57;B57;860
1860;CLASSROOM;C58;B58;861
1861;CLASSROOM;C59;B59;862
1862;CLASSROOM;C60;B60;863
1863;CLASSROOM;C61;B61;864
1864;CLASSROOM;C62;B62;865
1865;CLASSROOM;C63;B63;866
1866;CLASSROOM;C64;B64;867
1867;CLASSROOM;C65;B65;868
1868;CLASSROOM;C66;B66;869
1869;CLASSROOM;C67;B67;870
1870;CLASSROOM;C68;B68;871
1871;CLASSROOM;C69;B69;872
1872;CLASSROOM;C70;B70;873
1873;CLASSROOM;C71;B71;874
1874;CLASSROOM;C72;B72;875
1875;CLASSROOM;C73;B73;876
1876;CLASSROOM;C74;B74;877
1877;CLASSROOM;C75;B75;878
1878;CLASSROOM;C76;B76;879
1879;CLASSROOM;C77;B77;880
1880;CLASSROOM;C78;B78;881
1881;CLASSROOM;C79;B79;882
1882;CLASSROOM;C80;B80;883
1883;CLASSROOM;C81;B81;884
1884;CLASSROOM;C82;B82;885
1885;CLASSROOM;C83;B83;886
1886;CLASSROOM;C84;B84;887
1887;CLASSROOM;C85;B85;888
1888;CLASSROOM;C86;B86;889
1889;CLASSROOM;C87;B87;890
1890;CLASSROOM;C88;B88;891
1891;CLASSROOM;C89;B89;892
1892;CLASSROOM;C90;B90;893
1893;CLASSROOM;C91;B91;894
1894;CLASSROOM;C92;B92;895
1895;CLASSROOM;C93;B93;896
1896;CLASSROOM;C94;B94;897
1897;CLASSROOM;C95;B95;898
1898;CLASSROOM;C96;B96;899
1899;CLASSROOM;C97;B97;900
1900;CLASSROOM;C98;B98;901
1901;CLASSROOM;C99;B99;902
1902;CLASSROOM;C100;B100;903
1903;CLASSROOM;C101;B101;904
1904;CLASSROOM;C102;B102;905
1905;CLASSROOM;C103;B103;906
1906;CLASSROOM;C104;B104;907
1907;CLASSROOM;C105;B105;908
1908;CLASSROOM;C106;B106;909
1909;CLASSROOM;C107;B107;910
1910;CLASSROOM;C108;B108;911
1911;CLASSROOM;C109;B109;912
1912;CLASSROOM;C110;B110;913
1913;CLASSROOM;C111;B111;914
1914;CLASSROOM;C112;B112;915
1915;CLASSROOM;C113;B113;916
1916;CLASSROOM;C114;B114;917
1917;CLASSROOM;C115;B115;918
1918;CLASSROOM;C116;B116;919
1919;CLASSROOM;C117;B117;920
1920;CLASSROOM;C118;B118;921
1921;CLASSROOM;C119;B119;922
1922;CLASSROOM;C120;B120;923
1923;CLASSROOM;C121;B121;924
1924;CLASSROOM;C122;B122;925
1925;CLASSROOM;C123;B123;926
1926;CLASSROOM;C124;B124;927
1927;CLASSROOM;C125;B125;928
1928;CLASSROOM;C126;B126;929
1929;CLASSROOM;C127;B127;930
1930;CLASSROOM;C128;B128;931
1931;CLASSROOM;C129;B129;932
1932;CLASSROOM;C130;B130;933
1933;CLASSROOM;C131;B131;934
1934;CLASSROOM;C132;B132;935
1935;CLASSROOM;C133;B133;936
1936;CLASSROOM;C134;B134;937
1937;CLASSROOM;C135;B135;938
1938;CLASSROOM;C136;B136;939
1939;CLASSROOM;C137;B137;940
1940;CLASSROOM;C138;B138;941
1941;CLASSROOM;C139;B139;942
1942;CLASSROOM;C140;B140;943
1943;CLASSROOM;C141;B141;944
1944;CLASSROOM;C142;B142;945
1945;CLASSROOM;C143;B143;946
1946;CLASSROOM;C144;B144;947
1947;CLASSROOM;C145;B145;948
1948;CLASSROOM;C146;B146;949
1949;CLASSROOM;C147;B147;950
1950;CLASSROOM;C148;B148;951
1951;CLASSROOM;C149;B149;952
1952;CLASSROOM;C150;B150;953
1953;CLASSROOM;C151;B151;954
1954;CLASSROOM;C152;B152;955
1955;CLASSROOM;C153;B153;956
1956;CLASSROOM;C154;B154;957
1957;CLASSROOM;C155;B155;958
1958;CLASSROOM;C156;B156;959
1959;CLASSROOM;C157;B157;960
1960;CLASSROOM;C158;B158;961
1961;CLASSROOM;C159;B159;962
1962;CLASSROOM;C160;B160;963
1963;CLASSROOM;C161;B161;964
1964;CLASSROOM;C162;B162;965
1965;CLASSROOM;C163;B163;966
1966;CLASSROOM;C164;B164;967
1967;CLASSROOM;C165;B165;968
1968;CLASSROOM;C166;B166;969
1969;CLASSROOM;C167;B167;970
1970;CLASSROOM;C168;B168;971
1971;CLASSROOM;C169;B169;972
1972;CLASSROOM;C170;B170;973
1973;CLASSROOM;C171;B171;974
1974;CLASSROOM;C172;B172;975
1975;CLASSROOM;C173;B173;976
1976;CLASSROOM;C174;B174;977
1977;CLASSROOM;C175;B175;978
1978;CLASSROOM;C176;B176;979
1979;CLASSROOM;C177;B177;980
1980;CLASSROOM;C178;B178;981
1981;CLASSROOM;C179;B179;982
1982;CLASSROOM;C180;B180;983
1983;CLASSROOM;C181;B181;984
1984;CLASSROOM;C182;B182;985
1985;CLASSROOM;C183;B183;986
1986;CLASSROOM;C184;B184;987
1987;CLASSROOM;C185;B185;988
1988;CLASSROOM;C186;B186;989
1989;CLASSROOM;C187;B187;990
1990;CLASSROOM;C188;B188;991
1991;CLASSROOM;C189;B189;992
1992;CLASSROOM;C190;B190;993
1993;CLASSROOM;C191;B191;994
1994;CLASSROOM;C192;B192;995
1995;CLASSROOM;C193;B193;996
1996;CLASSROOM;C194;B194;997
1997;CLASSROOM;C195;B195;998
1998;CLASSROOM;C196;B196;999
1999;CLASSROOM;C197;B197;1000
2000;CLASSROOM;C198;B198;1001
2001;CLASSROOM;C199;B199;1002
2002;CLASSROOM;C200;B200;1003
2003;CLASSROOM;C201;B201;1004
2004;CLASSROOM;C202;B202;1005
2005;CLASSROOM;C203;B203;1006
2006;CLASSROOM;C204;B204;1007
2007;CLASSROOM;C205;B205;1008
2008;CLASSROOM;C206;B206;1009
2009;CLASSROOM;C207;B207;1010
2010;CLASSROOM;C208;B208;1011
2011;CLASSROOM;C209;B209;1012
2012;CLASSROOM;C210;B210;1013
2013;CLASSROOM;C211;B211;1014
2014;CLASSROOM;C212;B212;1015
2015;CLASSROOM;C213;B213;1016
2016;CLASSROOM;C214;B214;1017
2017;CLASSROOM;C215;B215;1018
2018;CLASSROOM;C216;B216;1019
2019;CLASSROOM;C217;B217;1020
2020;CLASSROOM;C218;B218;1021
2021;CLASSROOM;C219;B219;1022
2022;CLASSROOM;C220;B220;1023
2023;CLASSROOM;C221;B221;1024
2024;CLASSROOM;C222;B222;1025
2025;CLASSROOM;C223;B223;1026
2026;CLASSROOM;C224;B224;1027
2027;CLASSROOM;C225;B225;1028
2028;CLASSROOM;C226;B226;1029
2029;CLASSROOM;C227;B227;1030
2030;CLASSROOM;C228;B228;1031
2031;CLASSROOM;C229;B229;1032
2032;CLASSROOM;C230;B230;1033
2033;CLASSROOM;C231;B231;1034
2034;CLASSROOM;C232;B232;1035
2035;CLASSROOM;C233;B233;1036
2036;CLASSROOM;C234;B234;1037
2037;CLASSROOM;C235;B235;1038
2038;CLASSROOM;C236;B236;1039
2039;CLASSROOM;C237;B237;1040
2040;CLASSROOM;C238;B238;1041
2041;CLASSROOM;C239;B239;1042
2042;CLASSROOM;C240;B240;1043
2043;CLASSROOM;C241;B241;1044
2044;CLASSROOM;C242;B242;1045
2045;CLASSROOM;C243;B243;1046
2046;CLASSROOM;C244;B244;1047
2047;CLASSROOM;C245;B245;1048
2048;CLASSROOM;C246;B246;1049
2049;CLASSROOM;C247;B247;1050
2050;CLASSROOM;C248;B248;1051
2051;CLASSROOM;C249;B249;1052
2052;CLASSROOM;C250;B250;1053
2053;CLASSROOM;C251;B251;1054
2054;CLASSROOM;C252;B252;1055
2055;CLASSROOM;C253;B253;1056
2056;CLASSROOM;C254;B254;1057
2057;CLASSROOM;C255;B255;1058
2058;CLASSROOM;C256;B256;1059
2059;CLASSROOM;C257;B257;1060
2060;CLASSROOM;C258;B258;1061
2061;CLASSROOM;C259;B259;1062
2062;CLASSROOM;C260;B260;1063
2063;CLASSROOM;C261;B261;1064
2064;CLASSROOM;C262;B262;1065
2065;CLASSROOM;C263;B263;1066
2066;CLASSROOM;C264;B264;1067
2067;CLASSROOM;C265;B265;1068
2068;CLASSROOM;C266;B266;1069
2069;CLASSROOM;C267;B267;1070
2070;CLASSROOM;C268;B268;1071
2071;CLASSROOM;C269;B269;1072
2072;CLASSROOM;C270;B270;1073
2073;CLASSROOM;C271;B271;1074
2074;CLASSROOM;C272;B272;1075
2075;CLASSROOM;C273;B273;1076
2076;CLASSROOM;C274;B274;1077
2077;CLASSROOM;C275;B275;1078
2078;CLASSROOM;C276;B276;1079
2079;CLASSROOM;C277;B277;1080
2080;CLASSROOM;C278;B278;1081
2081;CLASSROOM;C279;B279;1082
2082;CLASSROOM;C280;B280;1083
2083;CLASSROOM;C281;B281;1084
2084;CLASSROOM;C282;B282;1085
2085;CLASSROOM;C283;B283;1086
2086;CLASSROOM;C284;B284;1087
2087;CLASSROOM;C285;B285;1088
2088;CLASSROOM;C286;B286;1089
2089;CLASSROOM;C287;B287;1090
2090;CLASSROOM;C288;B288;1091
2091;CLASSROOM;C289;B289;1092
2092;CLASSROOM;C290;B290;1093
2093;CLASSROOM;C291;B291;1094
2094;CLASSROOM;C292;B292;1095
2095;CLASSROOM;C293;B293;1096
2096;CLASSROOM;C294;B294;1097
2097;CLASSROOM;C295;B295;1098
2098;CLASSROOM;C296;B296;1099
2099;CLASSROOM;C297;B297;1100
2100;CLASSROOM;C298;B298;1101
2101;CLASSROOM;C299;B299;1102
2102;CLASSROOM;C300;B300;1103
2103;CLASSROOM;C301;B301;1104
2104;CLASSROOM;C302;B302;1105
2105;CLASSROOM;C303;B303;1106
2106;CLASSROOM;C304;B304;1107
2107;CLASSROOM;C305;B305;1108
2108;CLASSROOM;C306;B306;1109
2109;CLASSROOM;C307;B307;1110
2110;CLASSROOM;C308;B308;1111
2111;CLASSROOM;C309;B309;1112
2112;CLASSROOM;C310;B310;1113
2113;CLASSROOM;C311;B311;1114
2114;CLASSROOM;C312;B312;1115
2115;CLASSROOM;C313;B313;1116
2116;CLASSROOM;C314;B314;1117
2117;CLASSROOM;C315;B315;1118
2118;CLASSROOM;C316;B316;1119
2119;CLASSROOM;C317;B317;1120
2120;CLASSROOM;C318;B318;1121
2121;CLASSROOM;C319;B319;1122
2122;CLASSROOM;C320;B320;1123
2123;CLASSROOM;C321;B321;1124
2124;CLASSROOM;C322;B322;1125
2125;CLASSROOM;C323;B323;1126
2126;CLASSROOM;C324;B324;1127
2127;CLASSROOM;C325;B325;1128
2128;CLASSROOM;C326;B326;1129
2129;CLASSROOM;C327;B327;1130
2130;CLASSROOM;C328;B328;1131
2131;CLASSROOM;C329;B329;1132
2132;CLASSROOM;C330;B330;1133
2133;CLASSROOM;C331;B331;1134
2134;CLASSROOM;C332;B332;1135
2135;CLASSROOM;C333;B333;1136
2136;CLASSROOM;C334;B334;1137
2137;CLASSROOM;C335;B335;1138
2138;CLASSROOM;C336;B336;1139
2139;CLASSROOM;C337;B337;1140
2140;CLASSROOM;C338;B338;1141
2141;CLASSROOM;C339;B339;1142
2142;CLASSROOM;C340;B340;1143
2143;CLASSROOM;C341;B341;1144
2144;CLASSROOM;C342;B342;1145
2145;CLASSROOM;C343;B343;1146
2146;CLASSROOM;C344;B344;1147
2147;CLASSROOM;C345;B345;1148
2148;CLASSROOM;C346;B346;1149
2149;CLASSROOM;C347;B347;1150
2150;CLASSROOM;C348;B348;1151
2151;CLASSROOM;C349;B349;1152
2152;CLASSROOM;C350;B350;1153
2153;CLASSROOM;C351;B351;1154
2154;CLASSROOM;C352;B352;1155
2155;CLASSROOM;C353;B353;1156
2156;CLASSROOM;C354;B354;1157
2157;CLASSROOM;C355;B355;1158
2158;CLASSROOM;C356;B356;1159
2159;CLASSROOM;C357;B357;1160
2160;CLASSROOM;C358;B358;1161
2161;CLASSROOM;C359;B359;1162
2162;CLASSROOM;C360;B360;1163
2163;CLASSROOM;C361;B361;1164
2164;CLASSROOM;C362;B362;1165
2165;CLASSROOM;C363;B363;1166
2166;CLASSROOM;C364;B364;1167
2167;CLASSROOM;C365;B365;1168
2168;CLASSROOM;C366;B366;1169
2169;CLASSROOM;C367;B367;1170
2170;CLASSROOM;C368;B368;1171
2171;CLASSROOM;C369;B369;1172
2172;CLASSROOM;C370;B370;1173
2173;CLASSROOM;C371;B371;1174
2174;CLASSROOM;C372;B372;1175
2175;CLASSROOM;C373;B373;1176
2176;CLASSROOM;C374;B374;1177
2177;CLASSROOM;C375;B375;1178
2178;CLASSROOM;C376;B376;1179
2179;CLASSROOM;C377;B377;1180
2180;CLASSROOM;C378;B378;1181
2181;CLASSROOM;C379;B379;1182
2182;CLASSROOM;C380;B380;1183
2183;CLASSROOM;C381;B381;1184
2184;CLASSROOM;C382;B382;1185
2185;CLASSROOM;C383;B383;1186
2186;CLASSROOM;C384;B384;1187
2187;CLASSROOM;C385;B385;1188
2188;CLASSROOM;C386;B386;1189
2189;CLASSROOM;C387;B387;1190
2190;CLASSROOM;C388;B388;1191
2191;CLASSROOM;C389;B389;1192
2192;CLASSROOM;C390;B390;1193
2193;CLASSROOM;C391;B391;1194
2194;CLASSROOM;C392;B392;1195
2195;CLASSROOM;C393;B393;1196
2196;CLASSROOM;C394;B394;1197
2197;CLASSROOM;C395;B395;1198
2198;CLASSROOM;C396;B396;1199
2199;CLASSROOM;C397;B397;1200
2200;CLASSROOM;C398;B398;1201
2201;CLASSROOM;C399;B399;1202
2202;CLASSROOM;C400;B400;1203

3000;PROFESSOR;Аксенов Фёдор Михайлович;Аксенов Фёдор Михайлович;0
3001;PROFESSOR;Тимофеева Елизавета Александровна;Тимофеева Елизавета Александровна;1
3002;PROFESSOR;Шестакова Таисия Александровна;Шестакова Таисия Александровна;2
3003;PROFESSOR;Иванов Игорь Савельевич;Иванов Игорь Савельевич;3
3004;PROFESSOR;Кольцов Владимир Даниэльевич;Кольцов Владимир Даниэльевич;4
3005;PROFESSOR;Смирнова Арина Александровна;Смирнова Арина Александровна;5
3006;PROFESSOR;Грачев Артём Эрикович;Грачев Артём Эрикович;6
3007;PROFESSOR;Еремин Артём Артёмович;Еремин Артём Артёмович;7
3008;PROFESSOR;Сухарева Милана Ильинична;Сухарева Милана Ильинична;8
3009;PROFESSOR;Колесникова Полина Дмитриевна;Колесникова Полина Дмитриевна;9
3010;PROFESSOR;Дубинин Арсений Миронович;Дубинин Арсений Миронович;10
3011;PROFESSOR;Ершова Тамара Владимировна;Ершова Тамара Владимировна;11
3012;PROFESSOR;Новикова Елизавета Кирилловна;Новикова Елизавета Кирилловна;12
3013;PROFESSOR;Антонов Владимир Робертович;Антонов Владимир Робертович;13
3014;PROFESSOR;Голиков Александр Максимович;Голиков Александр Максимович;14
3015;PROFESSOR;Дмитриев Максим Артёмович;Дмитриев Максим Артёмович;15
3016;PROFESSOR;Винокурова Дарья Давидовна;Винокурова Дарья Давидовна;16
3017;PROFESSOR;Гришина Александра Александровна;Гришина Александра Александровна;17
3018;PROFESSOR;Волков Савва Евгеньевич;Волков Савва Евгеньевич;18
3019;PROFESSOR;Антонов Арсений Николаевич;Антонов Арсений Николаевич;19
3020;PROFESSOR;Виноградова Кира Александровна;Виноградова Кира Александровна;20
3021;PROFESSOR;Чернышев Денис Лукич ;Чернышев Денис Лукич ;21
3022;PROFESSOR;Иванова Анна Константиновна;Иванова Анна Константиновна;22
3023;PROFESSOR;Савельев Илья Львович;Савельев Илья Львович;23
3024;PROFESSOR;Васильева Елена Егоровна;Васильева Елена Егоровна;24
3025;PROFESSOR;Хомякова Варвара Данииловна;Хомякова Варвара Данииловна;25
3026;PROFESSOR;Кузнецова Александра Всеволодовна;Кузнецова Александра Всеволодовна;26
3027;PROFESSOR;Баранов Мирон Германович;Баранов Мирон Германович;27
3028;PROFESSOR;Николаев Александр Олегович;Николаев Александр Олегович;28
3029;PROFESSOR;Никифоров Святослав Степанович;Никифоров Святослав Степанович;29
3030;PROFESSOR;Потапова Наталья Матвеевна;Потапова Наталья Матвеевна;30
3031;PROFESSOR;Рябов Платон Иванович;Рябов Платон Иванович;31
3032;PROFESSOR;Анохин Олег Тихонович;Анохин Олег Тихонович;32
3033;PROFESSOR;Иванова Александра Павловна;Иванова Александра Павловна;33
3034;PROFESSOR;Кузина Милана Артёмовна;Кузина Милана Артёмовна;34
3035;PROFESSOR;Давыдов Никита Михайлович;Давыдов Никита Михайлович;35
3036;PROFESSOR;Спиридонова Нина Арсентьевна;Спиридонова Нина Арсентьевна;36
3037;PROFESSOR;Богданов Демид Сергеевич;Богданов Демид Сергеевич;37
3038;PROFESSOR;Никонова Мария Фёдоровна;Никонова Мария Фёдоровна;38
3039;PROFESSOR;Сергеев Максим Ярославович;Сергеев Максим Ярославович;39
3040;PROFESSOR;Шевцова Анна Александровна;Шевцова Анна Александровна;40
3041;PROFESSOR;Никифоров Никита Данилович;Никифоров Никита Данилович;41
3042;PROFESSOR;Николаев Владислав Николаевич;Николаев Владислав Николаевич;42
3043;PROFESSOR;Крылова Марина Марковна;Крылова Марина Марковна;43
3044;PROFESSOR;Петрова Виктория Даниэльевна;Петрова Виктория Даниэльевна;44
3045;PROFESSOR;Васильева Ксения Ивановна;Васильева Ксения Ивановна;45
3046;PROFESSOR;Иванов Александр Александрович;Иванов Александр Александрович;46
3047;PROFESSOR;Иванов Илья Степанович;Иванов Илья Степанович;47
3048;PROFESSOR;Павлова Ирина Тимофеевна;Павлова Ирина Тимофеевна;48
3049;PROFESSOR;Крючкова Полина Максимовна;Крючкова Полина Максимовна;49
3050;PROFESSOR;Попова Екатерина Георгиевна;Попова Екатерина Георгиевна;50
3051;PROFESSOR;Степанова Любовь Олеговна;Степанова Любовь Олеговна;51
3052;PROFESSOR;Богданова София Даниловна;Богданова София Даниловна;52
3053;PROFESSOR;Сидоров Матвей Алексеевич;Сидоров Матвей Алексеевич;53
3054;PROFESSOR;Князева Елизавета Владиславовна;Князева Елизавета Владиславовна;54
3055;PROFESSOR;Тихонов Егор Александрович;Тихонов Егор Александрович;55
3056;PROFESSOR;Гончаров Владимир Артёмович;Гончаров Владимир Артёмович;56
3057;PROFESSOR;Голубев Олег Александрович;Голубев Олег Александрович;57
3058;PROFESSOR;Литвинов Владимир Сергеевич;Литвинов Владимир Сергеевич;58
3059;PROFESSOR;Нефедова Анна Сергеевна;Нефедова Анна Сергеевна;59
3060;PROFESSOR;Чернышев Григорий Ильич;Чернышев Григорий Ильич;60
3061;PROFESSOR;Фадеев Владимир Михайлович;Фадеев Владимир Михайлович;61
3062;PROFESSOR;Лапшин Иван Александрович;Лапшин Иван Александрович;62
3063;PROFESSOR;Авдеев Владимир Владиславович;Авдеев Владимир Владиславович;63
3064;PROFESSOR;Леонова Маргарита Александровна;Леонова Маргарита Александровна;64
3065;PROFESSOR;Ермакова Варвара Вячеславовна;Ермакова Варвара Вячеславовна;65
3066;PROFESSOR;Калашникова Александра Марковна;Калашникова Александра Марковна;66
3067;PROFESSOR;Михайлов Иван Артёмович;Михайлов Иван Артёмович;67
3068;PROFESSOR;Попов Матвей Максимович;Попов Матвей Максимович;68
3069;PROFESSOR;Леонова Марьяна Сергеевна;Леонова Марьяна Сергеевна;69
3070;PROFESSOR;Осипов Артемий Миронович;Осипов Артемий Миронович;70
3071;PROFESSOR;Андреева Арина Романовна;Андреева Арина Романовна;71
3072;PROFESSOR;Калачева Маргарита Владимировна;Калачева Маргарита Владимировна;72
3073;PROFESSOR;Богданова Ариана Лукинична;Богданова Ариана Лукинична;73
3074;PROFESSOR;Тарасова Виктория Львовна;Тарасова Виктория Львовна;74
3075;PROFESSOR;Бирюкова Дарья Данииловна;Бирюкова Дарья Данииловна;75
3076;PROFESSOR;Балашов Никита Михайлович;Балашов Никита Михайлович;76
3077;PROFESSOR;Рябинин Руслан Матвеевич;Рябинин Руслан Матвеевич;77
3078;PROFESSOR;Филимонова Кристина Григорьевна;Филимонова Кристина Григорьевна;78
3079;PROFESSOR;Платонова Анастасия Владиславовна;Платонова Анастасия Владиславовна;79
3080;PROFESSOR;Зайцева Сафия Данииловна;Зайцева Сафия Данииловна;80
3081;PROFESSOR;Филимонов Игорь Игоревич;Филимонов Игорь Игоревич;81
3082;PROFESSOR;Поляков Али Арсентьевич;Поляков Али Арсентьевич;82
3083;PROFESSOR;Бочаров Виктор Иванович;Бочаров Виктор Иванович;83
3084;PROFESSOR;Акимов Александр Кириллович;Акимов Александр Кириллович;84
3085;PROFESSOR;Кудряшова Владислава Арсеновна;Кудряшова Владислава Арсеновна;85
3086;PROFESSOR;Колпакова Вероника Марковна;Колпакова Вероника Марковна;86
3087;PROFESSOR;Лебедева Пелагея Егоровна;Лебедева Пелагея Егоровна;87
3088;PROFESSOR;Дорофеева Арина Михайловна;Дорофеева Арина Михайловна;88
3089;PROFESSOR;Яковлева Амина Михайловна;Яковлева Амина Михайловна;89
3090;PROFESSOR;Грачева Елизавета Денисовна;Грачева Елизавета Денисовна;90
3091;PROFESSOR;Овчинникова Екатерина Васильевна;Овчинникова Екатерина Васильевна;91
3092;PROFESSOR;Виноградов Даниил Маркович;Виноградов Даниил Маркович;92
3093;PROFESSOR;Черкасова Агата Кирилловна;Черкасова Агата Кирилловна;93
3094;PROFESSOR;Головина Мария Сергеевна;Головина Мария Сергеевна;94
3095;PROFESSOR;Борисов Тимур Алексеевич;Борисов Тимур Алексеевич;95
3096;PROFESSOR;Морозов Артур Филиппович;Морозов Артур Филиппович;96
3097;PROFESSOR;Игнатова Ксения Дмитриевна;Игнатова Ксения Дмитриевна;97
3098;PROFESSOR;Русаков Владимир Дмитриевич;Русаков Владимир Дмитриевич;98
3099;PROFESSOR;Матвеева Ульяна Платоновна;Матвеева Ульяна Платоновна;99

4000;DISCIPLINE;1000000001;Высшая математика;1
4001;DISCIPLINE;1000000002;Математический анализ;2
4002;DISCIPLINE;1000000010;Линейная алгебра и геометрия;3
4003;DISCIPLINE;1000000100;Теория вероятностей и матстатистика;4
4004;DISCIPLINE;1000001000;Дискретная математика;5
4005;DISCIPLINE;1000010000;Математическая логика;6
4006;DISCIPLINE;1000100000;Общая физика;7
4007;DISCIPLINE;1001000000;Теоретическая механика;8
4008;DISCIPLINE;1010000000;Электродинамика;9
4009;DISCIPLINE;1100000000;Квантовая механика;10
4010;DISCIPLINE;1100000001;Термодинамика и статфизика;11
4011;DISCIPLINE;1100000011;Оптика;12
4012;DISCIPLINE;1100000111;Атомная физика;13
4013;DISCIPLINE;1100001111;Информатика и программирование;14
4014;DISCIPLINE;1100011111;Алгоритмы и структуры данных;15
4015;DISCIPLINE;1100111111;Базы данных;16
4016;DISCIPLINE;1101111111;Операционные системы;17
4017;DISCIPLINE;1111111110;Компьютерные сети;18
4018;DISCIPLINE;1111111100;Программирование на Python;19
4019;DISCIPLINE;1111111000;Программирование на Java;20
4020;DISCIPLINE;1111110000;Веб-разработка;21
4021;DISCIPLINE;1111100000;Разработка мобильных приложений;22
4022;DISCIPLINE;1111000000;Искусственный интеллект;23
4023;DISCIPLINE;1110000000;Машинное обучение;24
4024;DISCIPLINE;1011111111;Нейронные сети;25
4025;DISCIPLINE;1234567890;Русский язык и культура речи;26
4026;DISCIPLINE;1234567891;Иностранный язык (английский);27
4027;DISCIPLINE;1234567812;История России;28
4028;DISCIPLINE;1234567123;Философия;29
4029;DISCIPLINE;1234561234;Психология и педагогика;30
4030;DISCIPLINE;1234512345;Социология;31
4031;DISCIPLINE;1234123456;Политология;32
4032;DISCIPLINE;1231234567;Экономическая теория;33
4033;DISCIPLINE;1212345678;Менеджмент;34
4034;DISCIPLINE;1123456789;Маркетинг;35
4035;DISCIPLINE;9876543210;Бухгалтерский учет;36
4036;DISCIPLINE;9876543211;Финансы и кредит;37
4037;DISCIPLINE;9876543221;Статистика;38
4038;DISCIPLINE;9876543321;Безопасность жизнедеятельности;39
4039;DISCIPLINE;9876544321;Физическая культура и спорт;40
4040;DISCIPLINE;9876554321;Прикладная механика;41
4041;DISCIPLINE;9876654321;Сопротивление материалов;42
4042;DISCIPLINE;9877654321;Детали машин и основы конструирования;43
4043;DISCIPLINE;9887654321;Инженерная графика;44
4044;DISCIPLINE;9987654321;Начертательная геометрия;45
4045;DISCIPLINE;1000000011;Материаловедение;46
4046;DISCIPLINE;2000000002;Метрология, стандартизация и сертификация;47
4047;DISCIPLINE;3000000003;Электротехника и электроника;48
4048;DISCIPLINE;4000000004;Схемотехника;49
4049;DISCIPLINE;5000000005;Микропроцессорные системы;50
4050;DISCIPLINE;6000000006;Автоматика и управление;51
4051;DISCIPLINE;7000000007;Робототехника;52
4052;DISCIPLINE;8000000008;Общая химия;53
4053;DISCIPLINE;9000000009;Неорганическая химия;54
4054;DISCIPLINE;1111111111;Органическая химия;55
4055;DISCIPLINE;2222222222;Физическая химия;56
4056;DISCIPLINE;3333333333;Аналитическая химия;57
4057;DISCIPLINE;4444444444;Химическая технология;58
4058;DISCIPLINE;5555555555;Биология;59
4059;DISCIPLINE;6666666666;Общая биология;60
4060;DISCIPLINE;7777777777;Генетика;61
4061;DISCIPLINE;8888888888;Микробиология;62
4062;DISCIPLINE;9999999999;Биохимия;63
4063;DISCIPLINE;1234500000;Экология;64
4064;DISCIPLINE;1234000000;География;65
4065;DISCIPLINE;1230000000;Геология;66
4066;DISCIPLINE;1200000000;Почвоведение;67
4067;DISCIPLINE;1020304050;Архитектура;68
4068;DISCIPLINE;1020304051;Строительные конструкции;69
4069;DISCIPLINE;1020304052;Градостроительство;70
4070;DISCIPLINE;1020304053;История искусств;71
4071;DISCIPLINE;1020304054;Рисунок и живопись;72
4072;DISCIPLINE;1020304055;Дизайн;73
4073;DISCIPLINE;1020304056;Культурология;74
4074;DISCIPLINE;1020304057;Логистика;75
4075;DISCIPLINE;1020304058;Управление персоналом;76
4076;DISCIPLINE;1020304059;Связи с общественностью;77
4077;DISCIPLINE;1002003004;Журналистика;78
4078;DISCIPLINE;1002003005;Литература;79
4079;DISCIPLINE;1002003006;Правоведение;80
4080;DISCIPLINE;1002003007;Гражданское право;81
4081;DISCIPLINE;1002003008;Уголовное право;82
4082;DISCIPLINE;1002003009;Конституционное право;83
4083;DISCIPLINE;1002003010;Административное право;84
4084;DISCIPLINE;1002003011;Международное право;85
4085;DISCIPLINE;1002003012;Криминалистика;86
4086;DISCIPLINE;1357900000;Медицина (анатомия);87
4087;DISCIPLINE;1357911111;Физиология;88
4088;DISCIPLINE;1357922222;Фармакология;89
4089;DISCIPLINE;1357933333;Хирургия;90
4090;DISCIPLINE;1357944444;Терапия;91
4091;DISCIPLINE;1357955555;Педиатрия;92
4092;DISCIPLINE;1357966666;Ветеринария;93
4093;DISCIPLINE;1357977777;Агрономия;94
4094;DISCIPLINE;1357988888;Зоотехния;95
4095;DISCIPLINE;1357999999;Лесное дело;96
4096;DISCIPLINE;2468000000;Техносферная безопасность;97
4097;DISCIPLINE;2468111111;Природопользование;98
4098;DISCIPLINE;2468222222;Управление качеством;99
4099;DISCIPLINE;2468333333;Инновационный менеджмент;100

4500;GROUP;1000000001;1-1;1
4501;GROUP;1000000002;1-2;2
4502;GROUP;1000000003;1-3;3
4503;GROUP;1000000004;1-4;4
4504;GROUP;1000000005;1-5;5
4505;GROUP;1000000006;1-6;6
4506;GROUP;1000000007;1-7;7
4507;GROUP;1000000008;1-8;8
4508;GROUP;1000000009;1-9;9
4509;GROUP;1000000010;1-10;10
4510;GROUP;1000000011;1-11;11
4511;GROUP;1000000012;1-12;12
4512;GROUP;1000000013;1-13;13
4513;GROUP;1000000014;1-14;14
4514;GROUP;1000000015;1-15;15
4515;GROUP;1000000016;1-16;16
4516;GROUP;1000000017;1-17;17
4517;GROUP;1000000018;1-18;18
4518;GROUP;1000000019;1-19;19
4519;GROUP;1000000020;1-20;20
4520;GROUP;2000000001;2-21;21
4521;GROUP;2000000002;2-22;22
4522;GROUP;2000000003;2-23;23
4523;GROUP;2000000004;2-24;24
4524;GROUP;2000000005;2-25;25
4525;GROUP;2000000006;2-26;26
4526;GROUP;2000000007;2-27;27
4527;GROUP;2000000008;2-28;28
4528;GROUP;2000000009;2-29;29
4529;GROUP;2000000010;2-30;30
4530;GROUP;2000000011;2-31;31
4531;GROUP;2000000012;2-32;32
4532;GROUP;2000000013;2-33;33
4533;GROUP;2000000014;2-34;34
4534;GROUP;2000000015;2-35;35
4535;GROUP;2000000016;2-36;36
4536;GROUP;2000000017;2-37;37
4537;GROUP;2000000018;2-38;38
4538;GROUP;2000000019;2-39;39
4539;GROUP;2000000020;2-40;40
4540;GROUP;3000000001;3-41;41
4541;GROUP;3000000002;3-42;42
4542;GROUP;3000000003;3-43;43
4543;GROUP;3000000004;3-44;44
4544;GROUP;3000000005;3-45;45
4545;GROUP;3000000006;3-46;46
4546;GROUP;3000000007;3-47;47
4547;GROUP;3000000008;3-48;48
4548;GROUP;3000000009;3-49;49
4549;GROUP;3000000010;3-50;50
4550;GROUP;3000000011;3-51;51
4551;GROUP;3000000012;3-52;52
4552;GROUP;3000000013;3-53;53
4553;GROUP;3000000014;3-54;54
4554;GROUP;3000000015;3-55;55
4555;GROUP;3000000016;3-56;56
4556;GROUP;3000000017;3-57;57
4557;GROUP;3000000018;3-58;58
4558;GROUP;3000000019;3-59;59
4559;GROUP;3000000020;3-60;60
4560;GROUP;4000000001;4-61;61
4561;GROUP;4000000002;4-62;62
4562;GROUP;4000000003;4-63;63
4563;GROUP;4000000004;4-64;64
4564;GROUP;4000000005;4-65;65
4565;GROUP;4000000006;4-66;66
4566;GROUP;4000000007;4-67;67
4567;GROUP;4000000008;4-68;68
4568;GROUP;4000000009;4-69;69
4569;GROUP;4000000010;4-70;70
4570;GROUP;4000000011;4-71;71
4571;GROUP;4000000012;4-72;72
4572;GROUP;4000000013;4-73;73
4573;GROUP;4000000014;4-74;74
4574;GROUP;4000000015;4-75;75
4575;GROUP;4000000016;4-76;76
4576;GROUP;4000000017;4-77;77
4577;GROUP;4000000018;4-78;78
4578;GROUP;4000000019;4-79;79
4579;GROUP;4000000020;4-80;80
4580;GROUP;5000000001;5-81;81
4581;GROUP;5000000002;5-82;82
4582;GROUP;5000000003;5-83;83
4583;GROUP;5000000004;5-84;84
4584;GROUP;5000000005;5-85;85
4585;GROUP;5000000006;5-86;86
4586;GROUP;5000000007;5-87;87
4587;GROUP;5000000008;5-88;88
4588;GROUP;5000000009;5-89;89
4589;GROUP;5000000010;5-90;90
4590;GROUP;5000000011;5-91;91
4591;GROUP;5000000012;5-92;92
4592;GROUP;5000000013;5-93;93
4593;GROUP;5000000014;5-94;94
4594;GROUP;5000000015;5-95;95
4595;GROUP;5000000016;5-96;96
4596;GROUP;5000000017;5-97;97
4597;GROUP;5000000018;5-98;98
4598;GROUP;5000000019;5-99;99
4599;GROUP;5000000020;5-100;100

4650;SUBGROUP;1;1;0
4651;SUBGROUP;2;2;1
4652;SUBGROUP;3;4;2
4653;SUBGROUP;3;4;3

5000;DEPARTMENT;1000000001;Институт математики и механики;1
5001;DEPARTMENT;1000000002;Институт физики и технологий;2
5002;DEPARTMENT;1000000003;Институт химии;3
5003;DEPARTMENT;1000000004;Институт биологии и экологии;4
5004;DEPARTMENT;1000000005;Институт информационных технологий;5
5005;DEPARTMENT;1000000006;Институт экономики и управления;6
5006;DEPARTMENT;1000000007;Институт права;7
5007;DEPARTMENT;1000000008;Институт гуманитарных наук;8
5008;DEPARTMENT;1000000009;Институт иностранных языков;9
5009;DEPARTMENT;1000000010;Институт медицины и здравоохранения;10
5010;DEPARTMENT;1000000011;Факультет вычислительной математики;11
5011;DEPARTMENT;1000000012;Факультет прикладной физики;12
5012;DEPARTMENT;1000000013;Факультет органической химии;13
5013;DEPARTMENT;1000000014;Факультет молекулярной биологии;14
5014;DEPARTMENT;1000000015;Факультет программной инженерии;15
5015;DEPARTMENT;1000000016;Факультет финансов и кредита;16
5016;DEPARTMENT;1000000017;Факультет гражданского права;17
5017;DEPARTMENT;1000000018;Факультет журналистики;18
5018;DEPARTMENT;1000000019;Факультет романо-германской филологии;19
5019;DEPARTMENT;1000000020;Факультет фундаментальной медицины;20
5020;DEPARTMENT;2000000001;Кафедра высшей математики;21
5021;DEPARTMENT;2000000002;Кафедра математического анализа;22
5022;DEPARTMENT;2000000003;Кафедра теоретической физики;23
5023;DEPARTMENT;2000000004;Кафедра общей физики;24
5024;DEPARTMENT;2000000005;Кафедра неорганической химии;25
5025;DEPARTMENT;2000000006;Кафедра органической химии;26
5026;DEPARTMENT;2000000007;Кафедра ботаники;27
5027;DEPARTMENT;2000000008;Кафедра зоологии;28
5028;DEPARTMENT;2000000009;Кафедра генетики;29
5029;DEPARTMENT;2000000010;Кафедра биохимии;30
5030;DEPARTMENT;2000000011;Кафедра алгоритмов и структур данных;31
5031;DEPARTMENT;2000000012;Кафедра баз данных;32
5032;DEPARTMENT;2000000013;Кафедра компьютерных сетей;33
5033;DEPARTMENT;2000000014;Кафедра искусственного интеллекта;34
5034;DEPARTMENT;2000000015;Кафедра программной инженерии;35
5035;DEPARTMENT;2000000016;Кафедра экономической теории;36
5036;DEPARTMENT;2000000017;Кафедра менеджмента;37
5037;DEPARTMENT;2000000018;Кафедра маркетинга;38
5038;DEPARTMENT;2000000019;Кафедра бухгалтерского учета;39
5039;DEPARTMENT;2000000020;Кафедра финансов;40
5040;DEPARTMENT;3000000001;Кафедра теории государства и права;41
5041;DEPARTMENT;3000000002;Кафедра конституционного права;42
5042;DEPARTMENT;3000000003;Кафедра уголовного права;43
5043;DEPARTMENT;3000000004;Кафедра гражданского процесса;44
5044;DEPARTMENT;3000000005;Кафедра криминалистики;45
5045;DEPARTMENT;3000000006;Кафедра русского языка;46
5046;DEPARTMENT;3000000007;Кафедра русской литературы;47
5047;DEPARTMENT;3000000008;Кафедра зарубежной литературы;48
5048;DEPARTMENT;3000000009;Кафедра истории России;49
5049;DEPARTMENT;3000000010;Кафедра всемирной истории;50
5050;DEPARTMENT;3000000011;Кафедра философии;51
5051;DEPARTMENT;3000000012;Кафедра социологии;52
5052;DEPARTMENT;3000000013;Кафедра политологии;53
5053;DEPARTMENT;3000000014;Кафедра психологии;54
5054;DEPARTMENT;3000000015;Кафедра педагогики;55
5055;DEPARTMENT;3000000016;Кафедра английского языка;56
5056;DEPARTMENT;3000000017;Кафедра немецкого языка;57
5057;DEPARTMENT;3000000018;Кафедра французского языка;58
5058;DEPARTMENT;3000000019;Кафедра лингвистики;59
5059;DEPARTMENT;3000000020;Кафедра переводоведения;60
5060;DEPARTMENT;4000000001;Кафедра анатомии;61
5061;DEPARTMENT;4000000002;Кафедра физиологии;62
5062;DEPARTMENT;4000000003;Кафедра фармакологии;63
5063;DEPARTMENT;4000000004;Кафедра хирургии;64
5064;DEPARTMENT;4000000005;Кафедра терапии;65
5065;DEPARTMENT;4000000006;Кафедра педиатрии;66
5066;DEPARTMENT;4000000007;Кафедра стоматологии;67
5067;DEPARTMENT;4000000008;Кафедра архитектуры;68
5068;DEPARTMENT;4000000009;Кафедра градостроительства;69
5069;DEPARTMENT;4000000010;Кафедра строительных конструкций;70
5070;DEPARTMENT;4000000011;Кафедра сопротивления материалов;71
5071;DEPARTMENT;4000000012;Кафедра начертательной геометрии;72
5072;DEPARTMENT;4000000013;Кафедра инженерной графики;73
5073;DEPARTMENT;4000000014;Кафедра электротехники;74
5074;DEPARTMENT;4000000015;Кафедра робототехники;75
5075;DEPARTMENT;4000000016;Лаборатория квантовой физики;76
5076;DEPARTMENT;4000000017;Лаборатория химического анализа;77
5077;DEPARTMENT;4000000018;Лаборатория генной инженерии;78
5078;DEPARTMENT;4000000019;Лаборатория искусственного интеллекта;79
5079;DEPARTMENT;4000000020;Лаборатория наноматериалов;80
5080;DEPARTMENT;5000000001;Центр коллективного пользования;81
5081;DEPARTMENT;5000000002;Центр довузовской подготовки;82
5082;DEPARTMENT;5000000003;Центр дополнительного образования;83
5083;DEPARTMENT;5000000004;Центр карьеры и трудоустройства;84
5084;DEPARTMENT;5000000005;Центр международного сотрудничества;85
5085;DEPARTMENT;5000000006;Управление научных исследований;86
5086;DEPARTMENT;5000000007;Управление информатизации;87
5087;DEPARTMENT;5000000008;Управление кадров;88
5088;DEPARTMENT;5000000009;Учебно-методическое управление;89
5089;DEPARTMENT;5000000010;Планово-финансовое управление;90
5090;DEPARTMENT;5000000011;Отдел аспирантуры и докторантуры;91
5091;DEPARTMENT;5000000012;Отдел магистратуры;92
5092;DEPARTMENT;5000000013;Приемная комиссия;93
5093;DEPARTMENT;5000000014;Библиотека;94
5094;DEPARTMENT;5000000015;Издательство университета;95
5095;DEPARTMENT;5000000016;Спортивный клуб;96
5096;DEPARTMENT;5000000017;Студенческий городок;97
5097;DEPARTMENT;5000000018;Медицинский центр;98
5098;DEPARTMENT;5000000019;Столовая №1;99
5099;DEPARTMENT;5000000020;Ботанический сад;100


